"My First Year baby Photo Frame hold 12 photos for each month baby moments, Baby plastic photo frame",https://cloud.video.alibaba.com/play/u/2153292369/p/1/e/6/t/1/d/hd/50219876816.mp4
A3 glass white cardboard Natural Wooden picture photo frame,https://cloud.video.alibaba.com/play/u/2153292369/p/1/e/6/t/1/d/hd/50224064163.mp4
rose gold glass box for displaying wedding and family photos. Totally unique. One of a kind!!! glass picture photo frames 4x6,https://cloud.video.alibaba.com/play/u/2153292369/p/1/e/6/t/1/d/hd/211209561140.mp4
Love picture photo frame wedding anniversary photo frame profile,https://cloud.video.alibaba.com/play/u/2153292369/p/1/e/6/t/1/d/hd/219177608611.mp4
Hot wall girls white picture frame wedding anniversary photo frame,https://cloud.video.alibaba.com/play/u/2153292369/p/1/e/6/t/1/d/hd/212322147508.mp4
quanzhou factory MDF USA Souvenirs 4x6 wooden photo frame,https://cloud.video.alibaba.com/play/u/2153292369/p/1/e/6/t/1/d/hd/68380813.mp4
"Mother Day Photo Frame, Display 9x9  photo or 5x5  photo with mat, White, Black, Rose Red, Blue Purple, Wood Grain",https://cloud.video.alibaba.com/play/u/2153292369/p/1/e/6/t/1/d/hd/214312665702.mp4
4x6 frame Photo Frames to Display 4''x6'' Inch Photo (4''x6''),https://cloud.video.alibaba.com/play/u/2153292369/p/1/e/6/t/1/d/hd/50204744247.mp4
Quality Chinese Products Photo Frame Magnetic for Refrigerator Magnet 16x11cm PVC Picture Frames Photo,https://cloud.video.alibaba.com/play/u/2153292369/p/1/e/6/t/1/d/hd/217798765302.mp4
Sunmeta luxury 200x200x5mm sublimation glass photo with clock (BL-26),https://cloud.video.alibaba.com/play/u/2153292369/p/1/e/6/t/1/d/hd/73909391.mp4
Amazon eBay Hot Selling Black boy and girl photo frame Pack of 4 Picture 5x7  Inch Photo Frame  Mat Window for 3.5x5 Inch Photo,https://cloud.video.alibaba.com/play/u/2153292369/p/1/e/6/t/1/d/hd/214936933064.mp4
Glass table photo frame in wedding display with feather dried flower photo,https://cloud.video.alibaba.com/play/u/2153292369/p/1/e/6/t/1/d/hd/50188338584.mp4
3d PP   PET lenticular material art picture 3d photo with frame,https://cloud.video.alibaba.com/play/u/2153292369/p/1/e/6/t/1/d/hd/73131036.mp4
"2018 new fashion wooden photo frame,top popular wooden frame photo,family wooden photo picture frame",https://cloud.video.alibaba.com/play/u/2153292369/p/1/e/6/t/1/d/hd/210651240794.mp4
Sunmeta 15x15 high quality blank sublimation decoration rock slate photo,https://cloud.video.alibaba.com/play/u/2153292369/p/1/e/6/t/1/d/hd/73652454.mp4
2018 Hot Sales Clear Acrylic Magnetic Photo or Placard Holder Frame,https://cloud.video.alibaba.com/play/u/2153292369/p/1/e/6/t/1/d/hd/50128608606.mp4
Customized Canvas Printing Plastic Acrylic Frames Photo Picture Frame,https://cloud.video.alibaba.com/play/u/2153292369/p/1/e/6/t/1/d/hd/50204832914.mp4
Musical snow globe custom snowball photo with blowing snowflake,https://cloud.video.alibaba.com/play/u/2153292369/p/1/e/6/t/1/d/hd/50166812698.mp4
Wholesale Picture Frames 5x7 Liquid Glitter Photo Frame Liquid Floating Clear Acrylic Frame White,https://cloud.video.alibaba.com/play/u/2153292369/p/1/e/6/t/1/d/hd/50238814172.mp4
INTCO Lovely Fruit Color Beautiful Sixy Gifts Picture Photo Frame,https://cloud.video.alibaba.com/play/u/2153292369/p/1/e/6/t/1/d/hd/62475324.mp4
Desktop double sides frameless perspex mounted photos,https://cloud.video.alibaba.com/play/u/2153292369/p/1/e/6/t/1/d/hd/50273800592.mp4
Custom design acrylic 6x8 love sixy funia frame photo  picture photo frame,https://cloud.video.alibaba.com/play/u/2153292369/p/1/e/6/t/1/d/hd/50264448878.mp4
Wedding Gifts Acrylic Material Picture Frame Photo 2019 Happy New Year Party Decoration Gifts Snow Globe,https://cloud.video.alibaba.com/play/u/2153292369/p/1/e/6/t/1/d/hd/216284178772.mp4
8x10 Matboard Picture Frames for 4x6 5x7 6x8 Photos,https://cloud.video.alibaba.com/play/u/2153292369/p/1/e/6/t/1/d/hd/215865950793.mp4
Pink princess series baby waterproof picture frame wood photo for gift,https://cloud.video.alibaba.com/play/u/2153292369/p/1/e/6/t/1/d/hd/50253468276.mp4
